,question,gt_rec1,gt_rec2,gt_rec3,gt_avoid,gt_reason,breakdown_prompt,feature_prompt,combine_prompt,raw_answer,answer1,pro1,cons1,answer2,pro2,cons2
0,40 year old male with newly diagnosed moderate UC and articular extraintestinal manifestations,Infliximab,Tofacitinib,,vedolizumab,IFX is ideal choice as biologically naïve with EIM.,"System: You are a physician assistant giving advice on treatment for moderate to severe ulcerative colitis (UC).
If you do not know the answer. just say that ""I don't know"", don't try to make up an answer.

Analyse the patient profile and medical history and list all related risk factors.
- Newly treated patient or patient under maintenance
- Prior response/failure to biological drugs (Infliximab, Anti-TNF agents, Vedolizumab, etc)
- Age
- Pregnancy Status
- Extraintestinale manifestations
- Pouchitis

Return your answer as a list of risk factors.
-------------------------
Example 1
Human:
Patient Profile: 36 year old woman with moderate ulcerative colitis and multiple sclerosis

AI:
- Age: 36 years old female
- Medical history: Having multiple sclerosis.

Example 2
Human:
Patient Profile: 40 year old pregnant female with newly diagnosed moderate UC and articular extraintestinal manifestations

AI:
- Age: 40 years old
- Pregnant female
- Newly diagnosed
- Medical history: Having multiple sclerosis.

Example 3:
Human:
Patient Profile: 35 year old male with known moderate UC with prior exposure to infliximab but has worsening colitis on endoscopy despite compliance

AI:
- Age: 35 years old male
- Medical history: Patient under maintenance treatment of Infliximab with worsening condition despite medication.

Human: Patient Profile: question","System: You are a physician assistant giving advice on treatment for moderate to severe ulcerative colitis (UC). Make reference to the REFERENCE TEXT given to assess the scenario.

Based on the patient profile or medical history, make recommendations of biological drugs for UC treatment. If there are no suitable drugs. just say that ""I don't know"", don't try to make up an answer.
For each recommended drug, explain the PROS and CONS in context of the patient profile.
Also return drugs which this patient should avoid given his profile or medical history and reasons why the drug should be avoided.

=========
REFERENCE TEXT:
summaries

Human:
=========
PATIENT RISK PROFILE: question
=========
","You are a physician assistant giving advice on treatment for moderate to severe ulcerative colitis (UC). If you do not know the answer. just say that ""I don't know"", don't try to make up an answer.
Make reference to the REFERENCE ANSWERS given to assess the scenario.

Combine the answers in REFERENCE ANSWERS to recommend up to 2 TOP choices of biological drugs given patient profile. Explain the PROS and CONS of the choices recommended.
Prioritize drugs recommendations based on patients medical conditions and history.
Output your answer as a list of JSON objects with keys: drug_name, advantages, disadvantages.
=========
REFERENCE ANSWERS:
summaries

=========
COMBINED ANSWER:
","[
  {
    ""drug_name"": ""Infliximab"",
    ""advantages"": ""Infliximab has shown high efficacy in inducing clinical remission and endoscopic improvement in patients with moderate to severe ulcerative colitis. It can also promote mucosal healing, reducing the risk of complications. Infliximab is effective in treating both ulcerative colitis and rheumatological manifestations, as supported by multiple trials. It can target both gut and systemic inflammation, which is beneficial for patients with extraintestinal manifestations."",
    ""disadvantages"": ""Infliximab is administered intravenously, which may not be convenient for some patients. It can cause serious side effects, including infections (tuberculosis, fungal infections), heart failure, liver damage, and a rare type of cancer (lymphoma). Infliximab has been associated with a higher rate of immunogenicity, meaning the body may develop antibodies against the drug, reducing its effectiveness over time.""
  },
  {
    ""drug_name"": ""Adalimumab"",
    ""advantages"": ""Adalimumab is also effective in inducing clinical remission and endoscopic improvement. It is administered subcutaneously, which can be done at home, providing convenience for the patient. Adalimumab is another TNF inhibitor that can reduce symptoms and induce and maintain remission in patients with moderate to severe ulcerative colitis. Adalimumab, like infliximab, is effective in treating both ulcerative colitis and rheumatological manifestations. It can target both gut and systemic inflammation."",
    ""disadvantages"": ""Adalimumab can cause serious side effects, including infections, heart failure, liver damage, and lymphoma. Similar to infliximab, adalimumab has been associated with a higher rate of immunogenicity.""
  }
]",,,,,,
1,70 year old female with newly diagnosed severe UC,Ustekinumab,Vedolizumab,,Infliximab,"Given advanced age, IFX not preferred as first choice","System: You are a physician assistant giving advice on treatment for moderate to severe ulcerative colitis (UC).
If you do not know the answer. just say that ""I don't know"", don't try to make up an answer.

Analyse the patient profile and medical history and list all related risk factors.
- Newly treated patient or patient under maintenance
- Prior response/failure to biological drugs (Infliximab, Anti-TNF agents, Vedolizumab, etc)
- Age
- Pregnancy Status
- Extraintestinale manifestations
- Pouchitis

Return your answer as a list of risk factors.
-------------------------
Example 1
Human:
Patient Profile: 36 year old woman with moderate ulcerative colitis and multiple sclerosis

AI:
- Age: 36 years old female
- Medical history: Having multiple sclerosis.

Example 2
Human:
Patient Profile: 40 year old pregnant female with newly diagnosed moderate UC and articular extraintestinal manifestations

AI:
- Age: 40 years old
- Pregnant female
- Newly diagnosed
- Medical history: Having multiple sclerosis.

Example 3:
Human:
Patient Profile: 35 year old male with known moderate UC with prior exposure to infliximab but has worsening colitis on endoscopy despite compliance

AI:
- Age: 35 years old male
- Medical history: Patient under maintenance treatment of Infliximab with worsening condition despite medication.

Human: Patient Profile: question","System: You are a physician assistant giving advice on treatment for moderate to severe ulcerative colitis (UC). Make reference to the REFERENCE TEXT given to assess the scenario.

Based on the patient profile or medical history, make recommendations of biological drugs for UC treatment. If there are no suitable drugs. just say that ""I don't know"", don't try to make up an answer.
For each recommended drug, explain the PROS and CONS in context of the patient profile.
Also return drugs which this patient should avoid given his profile or medical history and reasons why the drug should be avoided.

=========
REFERENCE TEXT:
summaries

Human:
=========
PATIENT RISK PROFILE: question
=========
","You are a physician assistant giving advice on treatment for moderate to severe ulcerative colitis (UC). If you do not know the answer. just say that ""I don't know"", don't try to make up an answer.
Make reference to the REFERENCE ANSWERS given to assess the scenario.

Combine the answers in REFERENCE ANSWERS to recommend up to 2 TOP choices of biological drugs given patient profile. Explain the PROS and CONS of the choices recommended.
Prioritize drugs recommendations based on patients medical conditions and history.
Output your answer as a list of JSON objects with keys: drug_name, advantages, disadvantages.
=========
REFERENCE ANSWERS:
summaries

=========
COMBINED ANSWER:
","[
  {
    ""drug_name"": ""Vedolizumab"",
    ""advantages"": ""Vedolizumab has a good safety profile in older populations and can help limit adverse outcomes. It has been shown to have a protective effect against the development of severe adverse events in older UC patients. Additionally, it has been ranked as the least likely drug to lead to infections, which is a significant advantage in managing severe UC."",
    ""disadvantages"": ""The patient may still experience side effects such as headache, joint pain, nausea, or fever. Vedolizumab is administered either intravenously or subcutaneously, which may be inconvenient for some patients.""
  },
  {
    ""drug_name"": ""Infliximab"",
    ""advantages"": ""Infliximab has been ranked highest for inducing endoscopic improvement, which is crucial in managing severe UC. It can effectively reduce inflammation and symptoms of UC."",
    ""disadvantages"": ""Infliximab is administered either intravenously or subcutaneously, which may be inconvenient for some patients. There may also be risks associated with its use, such as serious adverse events or infections. It may increase the risk of infections and lymphomas in the elderly population.""
  }
]",Vedolizumab,"Vedolizumab has a good safety profile in older populations and can help limit adverse outcomes. It has been shown to have a protective effect against the development of severe adverse events in older UC patients. Additionally, it has been ranked as the least likely drug to lead to infections, which is a significant advantage in managing severe UC.","The patient may still experience side effects such as headache, joint pain, nausea, or fever. Vedolizumab is administered either intravenously or subcutaneously, which may be inconvenient for some patients.",Infliximab,"Infliximab has been ranked highest for inducing endoscopic improvement, which is crucial in managing severe UC. It can effectively reduce inflammation and symptoms of UC.","Infliximab is administered either intravenously or subcutaneously, which may be inconvenient for some patients. There may also be risks associated with its use, such as serious adverse events or infections. It may increase the risk of infections and lymphomas in the elderly population."
2,35 year old male with known moderate UC with prior exposure to infliximab but has worsening colitis on endoscopy despite compliance,Tofacitinib,Ustekinumab,,,Testing 2nd line treatment to patients previously exposed to anti-TNFa,"System: You are a physician assistant giving advice on treatment for moderate to severe ulcerative colitis (UC).
If you do not know the answer. just say that ""I don't know"", don't try to make up an answer.

Analyse the patient profile and medical history and list all related risk factors.
- Newly treated patient or patient under maintenance
- Prior response/failure to biological drugs (Infliximab, Anti-TNF agents, Vedolizumab, etc)
- Age
- Pregnancy Status
- Extraintestinale manifestations
- Pouchitis

Return your answer as a list of risk factors.
-------------------------
Example 1
Human:
Patient Profile: 36 year old woman with moderate ulcerative colitis and multiple sclerosis

AI:
- Age: 36 years old female
- Medical history: Having multiple sclerosis.

Example 2
Human:
Patient Profile: 40 year old pregnant female with newly diagnosed moderate UC and articular extraintestinal manifestations

AI:
- Age: 40 years old
- Pregnant female
- Newly diagnosed
- Medical history: Having multiple sclerosis.

Example 3:
Human:
Patient Profile: 35 year old male with known moderate UC with prior exposure to infliximab but has worsening colitis on endoscopy despite compliance

AI:
- Age: 35 years old male
- Medical history: Patient under maintenance treatment of Infliximab with worsening condition despite medication.

Human: Patient Profile: question","System: You are a physician assistant giving advice on treatment for moderate to severe ulcerative colitis (UC). Make reference to the REFERENCE TEXT given to assess the scenario.

Based on the patient profile or medical history, make recommendations of biological drugs for UC treatment. If there are no suitable drugs. just say that ""I don't know"", don't try to make up an answer.
For each recommended drug, explain the PROS and CONS in context of the patient profile.
Also return drugs which this patient should avoid given his profile or medical history and reasons why the drug should be avoided.

=========
REFERENCE TEXT:
summaries

Human:
=========
PATIENT RISK PROFILE: question
=========
","You are a physician assistant giving advice on treatment for moderate to severe ulcerative colitis (UC). If you do not know the answer. just say that ""I don't know"", don't try to make up an answer.
Make reference to the REFERENCE ANSWERS given to assess the scenario.

Combine the answers in REFERENCE ANSWERS to recommend up to 2 TOP choices of biological drugs given patient profile. Explain the PROS and CONS of the choices recommended.
Prioritize drugs recommendations based on patients medical conditions and history.
Output your answer as a list of JSON objects with keys: drug_name, advantages, disadvantages.
=========
REFERENCE ANSWERS:
summaries

=========
COMBINED ANSWER:
","[
  {
    ""drug_name"": ""Ustekinumab"",
    ""advantages"": ""Ustekinumab has a good safety profile and is effective in inducing remission in patients who have had prior exposure to TNF antagonists. It is recommended for patients with substantial comorbidities or contraindications to TNF antagonists and has been ranked highest in patients with prior exposure to TNF antagonists for induction of remission and endoscopic improvement."",
    ""disadvantages"": ""The patient may experience side effects such as injection site reactions, upper respiratory infections, and fatigue.""
  },
  {
    ""drug_name"": ""Tofacitinib"",
    ""advantages"": ""Tofacitinib is effective in inducing remission in patients who have had prior exposure to TNF antagonists. It has been ranked highest in patients with prior exposure to TNF antagonists for induction of remission and endoscopic improvement."",
    ""disadvantages"": ""Safety concerns have arisen surrounding the use of Tofacitinib, especially regarding the potential risk of venous thromboembolism and herpes zoster infection.""
  }
]",Ustekinumab,Ustekinumab has a good safety profile and is effective in inducing remission in patients who have had prior exposure to TNF antagonists. It is recommended for patients with substantial comorbidities or contraindications to TNF antagonists and has been ranked highest in patients with prior exposure to TNF antagonists for induction of remission and endoscopic improvement.,"The patient may experience side effects such as injection site reactions, upper respiratory infections, and fatigue.",Tofacitinib,Tofacitinib is effective in inducing remission in patients who have had prior exposure to TNF antagonists. It has been ranked highest in patients with prior exposure to TNF antagonists for induction of remission and endoscopic improvement.,"Safety concerns have arisen surrounding the use of Tofacitinib, especially regarding the potential risk of venous thromboembolism and herpes zoster infection."
3,60 year old female with newly diagnosed moderate UC with a background of congestive cardiac failure,Ustekinumab,Vedolizumab,,Tofacitinib,Testing contraindications to first line IFX. TFC not recommended because of increased LDL-C and MACE risk,"System: You are a physician assistant giving advice on treatment for moderate to severe ulcerative colitis (UC).
If you do not know the answer. just say that ""I don't know"", don't try to make up an answer.

Analyse the patient profile and medical history and list all related risk factors.
- Newly treated patient or patient under maintenance
- Prior response/failure to biological drugs (Infliximab, Anti-TNF agents, Vedolizumab, etc)
- Age
- Pregnancy Status
- Extraintestinale manifestations
- Pouchitis

Return your answer as a list of risk factors.
-------------------------
Example 1
Human:
Patient Profile: 36 year old woman with moderate ulcerative colitis and multiple sclerosis

AI:
- Age: 36 years old female
- Medical history: Having multiple sclerosis.

Example 2
Human:
Patient Profile: 40 year old pregnant female with newly diagnosed moderate UC and articular extraintestinal manifestations

AI:
- Age: 40 years old
- Pregnant female
- Newly diagnosed
- Medical history: Having multiple sclerosis.

Example 3:
Human:
Patient Profile: 35 year old male with known moderate UC with prior exposure to infliximab but has worsening colitis on endoscopy despite compliance

AI:
- Age: 35 years old male
- Medical history: Patient under maintenance treatment of Infliximab with worsening condition despite medication.

Human: Patient Profile: question","System: You are a physician assistant giving advice on treatment for moderate to severe ulcerative colitis (UC). Make reference to the REFERENCE TEXT given to assess the scenario.

Based on the patient profile or medical history, make recommendations of biological drugs for UC treatment. If there are no suitable drugs. just say that ""I don't know"", don't try to make up an answer.
For each recommended drug, explain the PROS and CONS in context of the patient profile.
Also return drugs which this patient should avoid given his profile or medical history and reasons why the drug should be avoided.

=========
REFERENCE TEXT:
summaries

Human:
=========
PATIENT RISK PROFILE: question
=========
","You are a physician assistant giving advice on treatment for moderate to severe ulcerative colitis (UC). If you do not know the answer. just say that ""I don't know"", don't try to make up an answer.
Make reference to the REFERENCE ANSWERS given to assess the scenario.

Combine the answers in REFERENCE ANSWERS to recommend up to 2 TOP choices of biological drugs given patient profile. Explain the PROS and CONS of the choices recommended.
Prioritize drugs recommendations based on patients medical conditions and history.
Output your answer as a list of JSON objects with keys: drug_name, advantages, disadvantages.
=========
REFERENCE ANSWERS:
summaries

=========
COMBINED ANSWER:
","[
  {
    ""drug_name"": ""Vedolizumab"",
    ""advantages"": ""Vedolizumab has been shown to have a protective effect against the development of severe adverse events in older patients with ulcerative colitis. It is a gut-selective integrin inhibitor, which means it specifically targets inflammation in the gut, potentially reducing systemic side effects. It has a lower risk of systemic side effects compared to TNF inhibitors."",
    ""disadvantages"": ""The efficacy of Vedolizumab in inducing clinical remission and endoscopic improvement is lower compared to Infliximab and Adalimumab. It can cause side effects including headache, joint pain, nausea, and fever. It also requires intravenous administration. While vedolizumab is generally well-tolerated, it can still increase the risk of infections, which could potentially exacerbate the patient's congestive cardiac failure.""
  },
  {
    ""drug_name"": ""Ustekinumab"",
    ""advantages"": ""Ustekinumab has been shown to be effective in inducing clinical remission and endoscopic improvement in patients with moderate to severe ulcerative colitis. It is an interleukin (IL)-12 and IL-23 inhibitor that can be effective in reducing inflammation and achieving remission in ulcerative colitis."",
    ""disadvantages"": ""The efficacy of Ustekinumab is lower compared to Infliximab and Adalimumab. Ustekinumab can increase the risk of infections, which could potentially exacerbate the patient's congestive cardiac failure.""
  }
]",Vedolizumab,"Vedolizumab has been shown to have a protective effect against the development of severe adverse events in older patients with ulcerative colitis. It is a gut-selective integrin inhibitor, which means it specifically targets inflammation in the gut, potentially reducing systemic side effects. It has a lower risk of systemic side effects compared to TNF inhibitors.","The efficacy of Vedolizumab in inducing clinical remission and endoscopic improvement is lower compared to Infliximab and Adalimumab. It can cause side effects including headache, joint pain, nausea, and fever. It also requires intravenous administration. While vedolizumab is generally well-tolerated, it can still increase the risk of infections, which could potentially exacerbate the patient's congestive cardiac failure.",Ustekinumab,Ustekinumab has been shown to be effective in inducing clinical remission and endoscopic improvement in patients with moderate to severe ulcerative colitis. It is an interleukin (IL)-12 and IL-23 inhibitor that can be effective in reducing inflammation and achieving remission in ulcerative colitis.,"The efficacy of Ustekinumab is lower compared to Infliximab and Adalimumab. Ustekinumab can increase the risk of infections, which could potentially exacerbate the patient's congestive cardiac failure."
4,38 year old female with newly diagnosed moderate UC and psoriasis,Ustekinumab,,,,Test treatment of specific EIM and IBD,"System: You are a physician assistant giving advice on treatment for moderate to severe ulcerative colitis (UC).
If you do not know the answer. just say that ""I don't know"", don't try to make up an answer.

Analyse the patient profile and medical history and list all related risk factors.
- Newly treated patient or patient under maintenance
- Prior response/failure to biological drugs (Infliximab, Anti-TNF agents, Vedolizumab, etc)
- Age
- Pregnancy Status
- Extraintestinale manifestations
- Pouchitis

Return your answer as a list of risk factors.
-------------------------
Example 1
Human:
Patient Profile: 36 year old woman with moderate ulcerative colitis and multiple sclerosis

AI:
- Age: 36 years old female
- Medical history: Having multiple sclerosis.

Example 2
Human:
Patient Profile: 40 year old pregnant female with newly diagnosed moderate UC and articular extraintestinal manifestations

AI:
- Age: 40 years old
- Pregnant female
- Newly diagnosed
- Medical history: Having multiple sclerosis.

Example 3:
Human:
Patient Profile: 35 year old male with known moderate UC with prior exposure to infliximab but has worsening colitis on endoscopy despite compliance

AI:
- Age: 35 years old male
- Medical history: Patient under maintenance treatment of Infliximab with worsening condition despite medication.

Human: Patient Profile: question","System: You are a physician assistant giving advice on treatment for moderate to severe ulcerative colitis (UC). Make reference to the REFERENCE TEXT given to assess the scenario.

Based on the patient profile or medical history, make recommendations of biological drugs for UC treatment. If there are no suitable drugs. just say that ""I don't know"", don't try to make up an answer.
For each recommended drug, explain the PROS and CONS in context of the patient profile.
Also return drugs which this patient should avoid given his profile or medical history and reasons why the drug should be avoided.

=========
REFERENCE TEXT:
summaries

Human:
=========
PATIENT RISK PROFILE: question
=========
","You are a physician assistant giving advice on treatment for moderate to severe ulcerative colitis (UC). If you do not know the answer. just say that ""I don't know"", don't try to make up an answer.
Make reference to the REFERENCE ANSWERS given to assess the scenario.

Combine the answers in REFERENCE ANSWERS to recommend up to 2 TOP choices of biological drugs given patient profile. Explain the PROS and CONS of the choices recommended.
Prioritize drugs recommendations based on patients medical conditions and history.
Output your answer as a list of JSON objects with keys: drug_name, advantages, disadvantages.
=========
REFERENCE ANSWERS:
summaries

=========
COMBINED ANSWER:
","[
  {
    ""drug_name"": ""Ustekinumab"",
    ""advantages"": ""Ustekinumab can reduce symptoms and induce and maintain remission in patients with moderate to severe ulcerative colitis. It can also reduce the need for hospitalization and surgery. It is recommended for patients with UC who also have psoriasis or psoriatic arthritis, as it can effectively manage both conditions. It targets a specific protein (interleukin-12 and -23) involved in inflammation, which is beneficial in reducing the symptoms of both UC and psoriasis."",
    ""disadvantages"": ""Ustekinumab can cause side effects such as upper respiratory infections, headache, and fatigue. In rare cases, it can cause serious infections, cancer, and allergic reactions. It may not be as effective in patients with a higher BMI, as the response to the drug was found to be lower in a study of obese patients with psoriasis.""
  },
  {
    ""drug_name"": ""Vedolizumab"",
    ""advantages"": ""Vedolizumab is designed to reduce inflammation in the gut, which can help reduce symptoms and induce and maintain remission in patients with moderate to severe ulcerative colitis. It is also less likely to cause serious infections compared to other biologic drugs. It is an integrin receptor antagonist that is effective in treating moderate to severe UC. It specifically targets the gut, reducing systemic side effects."",
    ""disadvantages"": ""Vedolizumab can cause side effects such as headache, joint pain, nausea, and fever. In rare cases, it can cause serious infections, liver damage, and allergic reactions. It may take several weeks to see an effect, and it requires intravenous administration.""
  }
]",,,,,,
5,25 year old pregnant woman with severe distal ulcerative colitis,Infliximab,Vedolizumab,Ustekinumab,,Infliximab has best safety data in pregnancy (due to experience),"System: You are a physician assistant giving advice on treatment for moderate to severe ulcerative colitis (UC).
If you do not know the answer. just say that ""I don't know"", don't try to make up an answer.

Analyse the patient profile and medical history and list all related risk factors.
- Newly treated patient or patient under maintenance
- Prior response/failure to biological drugs (Infliximab, Anti-TNF agents, Vedolizumab, etc)
- Age
- Pregnancy Status
- Extraintestinale manifestations
- Pouchitis

Return your answer as a list of risk factors.
-------------------------
Example 1
Human:
Patient Profile: 36 year old woman with moderate ulcerative colitis and multiple sclerosis

AI:
- Age: 36 years old female
- Medical history: Having multiple sclerosis.

Example 2
Human:
Patient Profile: 40 year old pregnant female with newly diagnosed moderate UC and articular extraintestinal manifestations

AI:
- Age: 40 years old
- Pregnant female
- Newly diagnosed
- Medical history: Having multiple sclerosis.

Example 3:
Human:
Patient Profile: 35 year old male with known moderate UC with prior exposure to infliximab but has worsening colitis on endoscopy despite compliance

AI:
- Age: 35 years old male
- Medical history: Patient under maintenance treatment of Infliximab with worsening condition despite medication.

Human: Patient Profile: question","System: You are a physician assistant giving advice on treatment for moderate to severe ulcerative colitis (UC). Make reference to the REFERENCE TEXT given to assess the scenario.

Based on the patient profile or medical history, make recommendations of biological drugs for UC treatment. If there are no suitable drugs. just say that ""I don't know"", don't try to make up an answer.
For each recommended drug, explain the PROS and CONS in context of the patient profile.
Also return drugs which this patient should avoid given his profile or medical history and reasons why the drug should be avoided.

=========
REFERENCE TEXT:
summaries

Human:
=========
PATIENT RISK PROFILE: question
=========
","You are a physician assistant giving advice on treatment for moderate to severe ulcerative colitis (UC). If you do not know the answer. just say that ""I don't know"", don't try to make up an answer.
Make reference to the REFERENCE ANSWERS given to assess the scenario.

Combine the answers in REFERENCE ANSWERS to recommend up to 2 TOP choices of biological drugs given patient profile. Explain the PROS and CONS of the choices recommended.
Prioritize drugs recommendations based on patients medical conditions and history.
Output your answer as a list of JSON objects with keys: drug_name, advantages, disadvantages.
=========
REFERENCE ANSWERS:
summaries

=========
COMBINED ANSWER:
","[
  {
    ""drug_name"": ""Infliximab"",
    ""advantages"": ""Infliximab has been shown to be effective in inducing and maintaining remission in patients with moderate to severe ulcerative colitis. It is also associated with fewer hospitalizations and less frequent requirement of immunosuppression. It has been evaluated in large, dedicated placebo-randomized trials and has shown effectiveness in treating UC. It targets the pro-inflammatory cytokine tumour necrosis factor-α (TNF-α) and has demonstrated efficacy in clinical trials in moderate to severe UC, potentially reducing inflammation and symptoms."",
    ""disadvantages"": ""Infliximab can cause serious side effects including infections, liver damage, and allergic reactions. It may also not be suitable for patients with a history of heart failure or tuberculosis. The safety of infliximab during pregnancy is not fully established. While some studies suggest it may be safe, others indicate potential risks. Therefore, it should only be used if the potential benefits justify the potential risks to the fetus. Infliximab is administered intravenously, which may be inconvenient for some patients.""
  },
  {
    ""drug_name"": ""Adalimumab"",
    ""advantages"": ""Adalimumab is also effective in inducing and maintaining remission in patients with moderate to severe ulcerative colitis. It can be administered at home as a subcutaneous injection. It has also shown effectiveness in treating UC. It is considered relatively safe during pregnancy as it has a low placental transfer rate, especially during the first trimester. Adalimumab can be administered subcutaneously, which may be more convenient than intravenous administration. It has also been shown to be effective in treating moderate to severe UC."",
    ""disadvantages"": ""Adalimumab can cause serious side effects including infections, liver damage, and allergic reactions. It may also not be suitable for patients with a history of heart failure or tuberculosis. However, there is still a risk of potential adverse effects on the fetus, and it should be used with caution. Similar to infliximab, there may be risks associated with its use, including potential serious adverse effects such as infections, allergic reactions, or liver damage.""
  }
]",Infliximab,"Effective in inducing and maintaining remission in patients with moderate to severe ulcerative colitis. Associated with fewer hospitalizations and less frequent requirement of immunosuppression. Evaluated in large, dedicated placebo-randomized trials. Targets the pro-inflammatory cytokine tumour necrosis factor-α (TNF-α) and has demonstrated efficacy in clinical trials in moderate to severe UC, potentially reducing inflammation and symptoms.","Can cause serious side effects including infections, liver damage, and allergic reactions. May not be suitable for patients with a history of heart failure or tuberculosis. Safety during pregnancy is not fully established. Administered intravenously, which may be inconvenient for some patients.",Adalimumab,"Effective in inducing and maintaining remission in patients with moderate to severe ulcerative colitis. Can be administered at home as a subcutaneous injection. Considered relatively safe during pregnancy as it has a low placental transfer rate, especially during the first trimester. Can be administered subcutaneously, which may be more convenient than intravenous administration.","Can cause serious side effects including infections, liver damage, and allergic reactions. May not be suitable for patients with a history of heart failure or tuberculosis. There is still a risk of potential adverse effects on the fetus, and it should be used with caution. Similar to infliximab, there may be risks associated with its use, including potential serious adverse effects such as infections, allergic reactions, or liver damage."
6,56 year old man with moderate to severe ulcerative colitis and ankylosing spondylitis,Infliximab,Adalimumab,,,Dual indications,"System: You are a physician assistant giving advice on treatment for moderate to severe ulcerative colitis (UC).
If you do not know the answer. just say that ""I don't know"", don't try to make up an answer.

Analyse the patient profile and medical history and list all related risk factors.
- Newly treated patient or patient under maintenance
- Prior response/failure to biological drugs (Infliximab, Anti-TNF agents, Vedolizumab, etc)
- Age
- Pregnancy Status
- Extraintestinale manifestations
- Pouchitis

Return your answer as a list of risk factors.
-------------------------
Example 1
Human:
Patient Profile: 36 year old woman with moderate ulcerative colitis and multiple sclerosis

AI:
- Age: 36 years old female
- Medical history: Having multiple sclerosis.

Example 2
Human:
Patient Profile: 40 year old pregnant female with newly diagnosed moderate UC and articular extraintestinal manifestations

AI:
- Age: 40 years old
- Pregnant female
- Newly diagnosed
- Medical history: Having multiple sclerosis.

Example 3:
Human:
Patient Profile: 35 year old male with known moderate UC with prior exposure to infliximab but has worsening colitis on endoscopy despite compliance

AI:
- Age: 35 years old male
- Medical history: Patient under maintenance treatment of Infliximab with worsening condition despite medication.

Human: Patient Profile: question","System: You are a physician assistant giving advice on treatment for moderate to severe ulcerative colitis (UC). Make reference to the REFERENCE TEXT given to assess the scenario.

Based on the patient profile or medical history, make recommendations of biological drugs for UC treatment. If there are no suitable drugs. just say that ""I don't know"", don't try to make up an answer.
For each recommended drug, explain the PROS and CONS in context of the patient profile.
Also return drugs which this patient should avoid given his profile or medical history and reasons why the drug should be avoided.

=========
REFERENCE TEXT:
summaries

Human:
=========
PATIENT RISK PROFILE: question
=========
","You are a physician assistant giving advice on treatment for moderate to severe ulcerative colitis (UC). If you do not know the answer. just say that ""I don't know"", don't try to make up an answer.
Make reference to the REFERENCE ANSWERS given to assess the scenario.

Combine the answers in REFERENCE ANSWERS to recommend up to 2 TOP choices of biological drugs given patient profile. Explain the PROS and CONS of the choices recommended.
Prioritize drugs recommendations based on patients medical conditions and history.
Output your answer as a list of JSON objects with keys: drug_name, advantages, disadvantages.
=========
REFERENCE ANSWERS:
summaries

=========
COMBINED ANSWER:
","[
  {
    ""drug_name"": ""Infliximab"",
    ""advantages"": ""Infliximab has been shown to have a high efficacy in inducing clinical remission and endoscopic improvement in patients with moderate to severe ulcerative colitis. It is also effective in treating both UC and ankylosing spondylitis, which the patient has been diagnosed with."",
    ""disadvantages"": ""The use of infliximab may be associated with an increased risk of infections or lymphomas, especially in older patients. Some patients may develop antibodies to these drugs over time, reducing their effectiveness.""
  },
  {
    ""drug_name"": ""Adalimumab"",
    ""advantages"": ""Adalimumab is another option that has shown efficacy in inducing clinical remission and endoscopic improvement. It is also effective in treating both UC and ankylosing spondylitis, which the patient has been diagnosed with."",
    ""disadvantages"": ""Similar to infliximab, adalimumab may also increase the risk of infections or lymphomas in older patients. Some patients may develop antibodies to these drugs over time, reducing their effectiveness.""
  }
]",,,,,,
7,38 year old man with severe ulcerative colitis and has lost response to vedolizumab,Tofacitinib or ,Ustekinumab,,,Biologic failure,"System: You are a physician assistant giving advice on treatment for moderate to severe ulcerative colitis (UC).
If you do not know the answer. just say that ""I don't know"", don't try to make up an answer.

Analyse the patient profile and medical history and list all related risk factors.
- Newly treated patient or patient under maintenance
- Prior response/failure to biological drugs (Infliximab, Anti-TNF agents, Vedolizumab, etc)
- Age
- Pregnancy Status
- Extraintestinale manifestations
- Pouchitis

Return your answer as a list of risk factors.
-------------------------
Example 1
Human:
Patient Profile: 36 year old woman with moderate ulcerative colitis and multiple sclerosis

AI:
- Age: 36 years old female
- Medical history: Having multiple sclerosis.

Example 2
Human:
Patient Profile: 40 year old pregnant female with newly diagnosed moderate UC and articular extraintestinal manifestations

AI:
- Age: 40 years old
- Pregnant female
- Newly diagnosed
- Medical history: Having multiple sclerosis.

Example 3:
Human:
Patient Profile: 35 year old male with known moderate UC with prior exposure to infliximab but has worsening colitis on endoscopy despite compliance

AI:
- Age: 35 years old male
- Medical history: Patient under maintenance treatment of Infliximab with worsening condition despite medication.

Human: Patient Profile: question","System: You are a physician assistant giving advice on treatment for moderate to severe ulcerative colitis (UC). Make reference to the REFERENCE TEXT given to assess the scenario.

Based on the patient profile or medical history, make recommendations of biological drugs for UC treatment. If there are no suitable drugs. just say that ""I don't know"", don't try to make up an answer.
For each recommended drug, explain the PROS and CONS in context of the patient profile.
Also return drugs which this patient should avoid given his profile or medical history and reasons why the drug should be avoided.

=========
REFERENCE TEXT:
summaries

Human:
=========
PATIENT RISK PROFILE: question
=========
","You are a physician assistant giving advice on treatment for moderate to severe ulcerative colitis (UC). If you do not know the answer. just say that ""I don't know"", don't try to make up an answer.
Make reference to the REFERENCE ANSWERS given to assess the scenario.

Combine the answers in REFERENCE ANSWERS to recommend up to 2 TOP choices of biological drugs given patient profile. Explain the PROS and CONS of the choices recommended.
Prioritize drugs recommendations based on patients medical conditions and history.
Output your answer as a list of JSON objects with keys: drug_name, advantages, disadvantages.
=========
REFERENCE ANSWERS:
summaries

=========
COMBINED ANSWER:
","[
  {
    ""drug_name"": ""Ustekinumab"",
    ""advantages"": ""Ustekinumab has a superior safety profile, which may be attractive in light of recent concerns around venous thromboembolism with other drugs. It is also effective in maintaining clinical remission and endoscopic improvement."",
    ""disadvantages"": ""The drug requires intravenous administration for the initial dose, which may not be convenient for some patients. It may also not be as effective as some other drugs in inducing remission.""
  },
  {
    ""drug_name"": ""Infliximab"",
    ""advantages"": ""Infliximab has been shown to be effective in inducing and maintaining remission in patients with moderate to severe ulcerative colitis."",
    ""disadvantages"": ""Infliximab has been associated with a higher risk of infections compared to other drugs like Vedolizumab. It also requires intravenous administration, which may not be convenient for some patients.""
  }
]",Ustekinumab,"Ustekinumab has a superior safety profile, which may be attractive in light of recent concerns around venous thromboembolism with other drugs. It is also effective in maintaining clinical remission and endoscopic improvement.","The drug requires intravenous administration for the initial dose, which may not be convenient for some patients. It may also not be as effective as some other drugs in inducing remission.",Infliximab,Infliximab has been shown to be effective in inducing and maintaining remission in patients with moderate to severe ulcerative colitis.,"Infliximab has been associated with a higher risk of infections compared to other drugs like Vedolizumab. It also requires intravenous administration, which may not be convenient for some patients."
8,28 year old woman who has severe extensive ulcerative colitis and has a history of lymphoma which was treated 4 years ago,Vedolizumab,Ustekinumab,,,Anti-TNFs and JAK inhs have associations/concerns with malignancies,"System: You are a physician assistant giving advice on treatment for moderate to severe ulcerative colitis (UC).
If you do not know the answer. just say that ""I don't know"", don't try to make up an answer.

Analyse the patient profile and medical history and list all related risk factors.
- Newly treated patient or patient under maintenance
- Prior response/failure to biological drugs (Infliximab, Anti-TNF agents, Vedolizumab, etc)
- Age
- Pregnancy Status
- Extraintestinale manifestations
- Pouchitis

Return your answer as a list of risk factors.
-------------------------
Example 1
Human:
Patient Profile: 36 year old woman with moderate ulcerative colitis and multiple sclerosis

AI:
- Age: 36 years old female
- Medical history: Having multiple sclerosis.

Example 2
Human:
Patient Profile: 40 year old pregnant female with newly diagnosed moderate UC and articular extraintestinal manifestations

AI:
- Age: 40 years old
- Pregnant female
- Newly diagnosed
- Medical history: Having multiple sclerosis.

Example 3:
Human:
Patient Profile: 35 year old male with known moderate UC with prior exposure to infliximab but has worsening colitis on endoscopy despite compliance

AI:
- Age: 35 years old male
- Medical history: Patient under maintenance treatment of Infliximab with worsening condition despite medication.

Human: Patient Profile: question","System: You are a physician assistant giving advice on treatment for moderate to severe ulcerative colitis (UC). Make reference to the REFERENCE TEXT given to assess the scenario.

Based on the patient profile or medical history, make recommendations of biological drugs for UC treatment. If there are no suitable drugs. just say that ""I don't know"", don't try to make up an answer.
For each recommended drug, explain the PROS and CONS in context of the patient profile.
Also return drugs which this patient should avoid given his profile or medical history and reasons why the drug should be avoided.

=========
REFERENCE TEXT:
summaries

Human:
=========
PATIENT RISK PROFILE: question
=========
","You are a physician assistant giving advice on treatment for moderate to severe ulcerative colitis (UC). If you do not know the answer. just say that ""I don't know"", don't try to make up an answer.
Make reference to the REFERENCE ANSWERS given to assess the scenario.

Combine the answers in REFERENCE ANSWERS to recommend up to 2 TOP choices of biological drugs given patient profile. Explain the PROS and CONS of the choices recommended.
Prioritize drugs recommendations based on patients medical conditions and history.
Output your answer as a list of JSON objects with keys: drug_name, advantages, disadvantages.
=========
REFERENCE ANSWERS:
summaries

=========
COMBINED ANSWER:
","[
  {
    ""drug_name"": ""Vedolizumab"",
    ""advantages"": ""Vedolizumab is a gut-selective immunosuppressant, which may be a safer option for this patient as it has a lower risk of systemic side effects, including malignancies. It is specifically designed for UC and Crohn's disease treatment. It works by blocking the movement of white blood cells into the gut, reducing inflammation. It has been shown to be effective in both inducing and maintaining remission."",
    ""disadvantages"": ""Potential side effects include headache, joint pain, nausea, and fever. Serious side effects may include infections and allergic reactions. However, the effectiveness of Vedolizumab in inducing endoscopic improvement is lower compared to Infliximab.""
  },
  {
    ""drug_name"": ""Ustekinumab"",
    ""advantages"": ""Ustekinumab is another biological drug that can be used in UC treatment. It works differently from TNF-alpha inhibitors and may not carry the same risk of reactivating malignancies. It can be effective in treating patients with moderate to severe UC who have not responded well to other medications."",
    ""disadvantages"": ""Potential side effects include upper respiratory infections, fatigue, and headache. Serious side effects can include infections, cancer, and serious allergic reactions. The effectiveness of Ustekinumab in inducing endoscopic improvement is lower compared to Infliximab.""
  }
]",,,,,,
9,36 year old woman with moderate ulcerative colitis and multiple sclerosis,Ozanimod,Etrasimod,,,Dual indications,"System: You are a physician assistant giving advice on treatment for moderate to severe ulcerative colitis (UC).
If you do not know the answer. just say that ""I don't know"", don't try to make up an answer.

Analyse the patient profile and medical history and list all related risk factors.
- Newly treated patient or patient under maintenance
- Prior response/failure to biological drugs (Infliximab, Anti-TNF agents, Vedolizumab, etc)
- Age
- Pregnancy Status
- Extraintestinale manifestations
- Pouchitis

Return your answer as a list of risk factors.
-------------------------
Example 1
Human:
Patient Profile: 36 year old woman with moderate ulcerative colitis and multiple sclerosis

AI:
- Age: 36 years old female
- Medical history: Having multiple sclerosis.

Example 2
Human:
Patient Profile: 40 year old pregnant female with newly diagnosed moderate UC and articular extraintestinal manifestations

AI:
- Age: 40 years old
- Pregnant female
- Newly diagnosed
- Medical history: Having multiple sclerosis.

Example 3:
Human:
Patient Profile: 35 year old male with known moderate UC with prior exposure to infliximab but has worsening colitis on endoscopy despite compliance

AI:
- Age: 35 years old male
- Medical history: Patient under maintenance treatment of Infliximab with worsening condition despite medication.

Human: Patient Profile: question","System: You are a physician assistant giving advice on treatment for moderate to severe ulcerative colitis (UC). Make reference to the REFERENCE TEXT given to assess the scenario.

Based on the patient profile or medical history, make recommendations of biological drugs for UC treatment. If there are no suitable drugs. just say that ""I don't know"", don't try to make up an answer.
For each recommended drug, explain the PROS and CONS in context of the patient profile.
Also return drugs which this patient should avoid given his profile or medical history and reasons why the drug should be avoided.

=========
REFERENCE TEXT:
summaries

Human:
=========
PATIENT RISK PROFILE: question
=========
","You are a physician assistant giving advice on treatment for moderate to severe ulcerative colitis (UC). If you do not know the answer. just say that ""I don't know"", don't try to make up an answer.
Make reference to the REFERENCE ANSWERS given to assess the scenario.

Combine the answers in REFERENCE ANSWERS to recommend up to 2 TOP choices of biological drugs given patient profile. Explain the PROS and CONS of the choices recommended.
Prioritize drugs recommendations based on patients medical conditions and history.
Output your answer as a list of JSON objects with keys: drug_name, advantages, disadvantages.
=========
REFERENCE ANSWERS:
summaries

=========
COMBINED ANSWER:
","[
  {
    ""drug_name"": ""Vedolizumab"",
    ""advantages"": ""Vedolizumab has shown a protective effect against the development of severe adverse events in UC patients. It has a good safety profile and has shown efficacy in inducing both clinical remission and endoscopic improvement. It is generally well-tolerated and has a lower risk of serious infections compared to other biologics. It does not have the same risk of PML as natalizumab, making it a safer option for patients with MS."",
    ""disadvantages"": ""The effectiveness of vedolizumab may be lower in patients who have previously used other biologics. Additionally, it may not be as effective in patients with extensive or pancolitis.""
  },
  {
    ""drug_name"": ""Ustekinumab"",
    ""advantages"": ""Ustekinumab has shown efficacy in inducing clinical remission in UC patients. The safety profile is similar to other biological drugs, making it a potential option for this patient."",
    ""disadvantages"": ""Ustekinumab has a lower rate of inducing endoscopic improvement compared to other drugs. Regular monitoring should be done to assess the efficacy of the treatment and to detect any potential adverse events early.""
  }
]",Vedolizumab,"Vedolizumab has shown a protective effect against the development of severe adverse events in UC patients. It has a good safety profile and has shown efficacy in inducing both clinical remission and endoscopic improvement. It is generally well-tolerated and has a lower risk of serious infections compared to other biologics. It does not have the same risk of PML as natalizumab, making it a safer option for patients with MS.","The effectiveness of vedolizumab may be lower in patients who have previously used other biologics. Additionally, it may not be as effective in patients with extensive or pancolitis.",Ustekinumab,"Ustekinumab has shown efficacy in inducing clinical remission in UC patients. The safety profile is similar to other biological drugs, making it a potential option for this patient.",Ustekinumab has a lower rate of inducing endoscopic improvement compared to other drugs. Regular monitoring should be done to assess the efficacy of the treatment and to detect any potential adverse events early.
